micpoint,UD-node,longitude,latitude,orignode
41,94363956,-118.48176,34.12416,94363956
44,48854057,-118.4804,34.12878,48854054
45,48876774,-118.48001,34.18663,48876774
46,48854062,-118.47944,34.12916,48854062
47,48876817,-118.4793,34.19391,48876817
48,48877225,-118.4793,34.20125,48877225
52,48884429,-118.47577,34.17171,48884429
54,48885739,-118.47493,34.2039,48885739
53,48883819,-118.47491,34.15518,48883819
58,48884289,-118.47361,34.16444,48884318
59,288355125,-118.47345,34.16461,312618209
61,48884398,-118.47338,34.16469,48884398
62,48885867,-118.47334,34.21831,48885867
63,48885868,-118.47314,34.2183,48885868
65,48883753,-118.47174,34.14685,48883753
70,48883850,-118.46985,34.15036,48883850
71,48883866,-118.46954,34.15189,48883866
81,48885900,-118.46621,34.20753,48885900
86,48884222,-118.46257,34.14924,48884222
94,48884819,-118.45745,34.15759,48884819
102,48886056,-118.45311,34.18263,48886056
103,48886123,-118.45203,34.19066,48886123
110,48886312,-118.44877,34.21027,48886312
115,48886165,-118.44437,34.18264,48886165
116,48886208,-118.44436,34.19066,48886208
126,48885382,-118.43999,34.17032,48885382
127,48886425,-118.43999,34.20482,48886425
128,48885387,-118.43998,34.17393,48885387
129,48886247,-118.43996,34.19754,48886247
141,48887180,-118.43563,34.17576,48887180
142,48888201,-118.43563,34.18304,48888201
145,48888295,-118.43451,34.19754,48888295
149,48887104,-118.4335,34.16122,48887104
153,48888555,-118.43112,34.20824,311859867
154,48886718,-118.43066,34.14484,48886718
159,48887133,-118.42908,34.16122,48887133
160,48869452,-118.42902,34.13427,48869452
163,48888251,-118.42802,34.18304,48888251
165,48887225,-118.42796,34.17572,48887225
167,48888426,-118.42688,34.19758,48888426
176,48888772,-118.42254,34.2063,48888772
177,48888452,-118.42253,34.1903,48888452
178,48886941,-118.42251,34.14362,48886941
179,48887041,-118.42251,34.15167,48887041
180,48888482,-118.42251,34.19757,48888482
181,48887419,-118.4225,34.17576,48887419
190,48887343,-118.41819,34.16836,48887343
191,48886994,-118.41815,34.14824,48886994
192,48887055,-118.41815,34.15399,48887055
197,48888997,-118.41635,34.19029,48888997
206,48889440,-118.41439,34.21421,311862501
214,48889039,-118.40997,34.19033,48889039
216,48887576,-118.40945,34.14673,48887576
217,48887983,-118.40943,34.1683,48887983
219,48889565,-118.40824,34.21428,805752132
222,48888968,-118.40738,34.18304,48888968
224,48889555,-118.40717,34.21099,805753288
227,48889775,-118.40525,34.2144,48889761
235,48889151,-118.40195,34.18306,48889151
240,48888090,-118.40089,34.16125,48888090
241,48887785,-118.40087,34.14855,48887785
242,48887856,-118.40087,34.15216,48887856
249,49266556,-118.39651,34.21388,49266556
262,49265028,-118.39318,34.16125,49265028
274,49266618,-118.38778,34.21479,49266618
285,49242205,-118.38562,34.1358,49242205
286,49241414,-118.38552,34.10839,49241414
288,49265357,-118.3834,34.17577,49265357
289,49264896,-118.38337,34.15219,49264896
290,49264830,-118.38336,34.14857,49264830
296,49264861,-118.38118,34.14672,49264861
304,49266469,-118.37904,34.19031,49266469
305,49266475,-118.37903,34.19792,49266481
306,49266673,-118.37903,34.20481,49266673
312,49264877,-118.37725,34.14675,49264877
314,49266010,-118.37632,34.17578,49266010
321,49266996,-118.37252,34.20482,49266996
325,49267064,-118.37033,34.21388,49267064
338,49267020,-118.36706,34.20481,49267020
339,49265785,-118.36631,34.14806,49265785
342,49266063,-118.36482,34.16128,49266063
360,49244118,-118.35972,34.12421,49244118
363,49265811,-118.35929,34.14791,49265811
364,49267281,-118.3588,34.22081,311823354
366,49266101,-118.35827,34.1613,49266101
367,298353668,-118.35779,34.2215,298353668
370,49267283,-118.35739,34.22049,49267283
374,49244153,-118.35712,34.12415,49244153
378,94327738,-118.35682,34.1374,94327738
379,49267201,-118.35634,34.21044,49267201
398,49268569,-118.35145,34.18112,49268569
399,298952808,-118.35137,34.1347,825384182
400,49268581,-118.35132,34.18839,49268581
417,49268994,-118.34674,34.21323,49268994
422,49268755,-118.34554,34.19927,49268755
429,49268687,-118.34481,34.18103,49268687
430,49268700,-118.34466,34.18831,49268700
433,49246806,-118.3441,34.12444,49246806
436,297530052,-118.34335,34.14308,297530052
444,49267982,-118.34262,34.17343,49267982
459,49246936,-118.34043,34.1236,49246936
472,49269145,-118.33734,34.21006,49269145
473,49267973,-118.3362,34.16747,49267973
484,49268138,-118.33136,34.15497,49268138
489,49268421,-118.32999,34.16954,49268421
494,49268153,-118.32932,34.15084,49268153
500,49268086,-118.32658,34.14877,49268086
510,49268316,-118.32394,34.15568,801755752
541,49268557,-118.31601,34.17902,49268557
545,49275647,-118.31485,34.18744,49275647
580,49275670,-118.30646,34.18129,49275670
582,49274346,-118.30605,34.1768,49274346
600,49275767,-118.30422,34.18175,49275767
615,49275789,-118.30138,34.18784,49275789
658,49274679,-118.29496,34.17908,49274679
676,49274687,-118.29026,34.14199,49274687
681,49275418,-118.28961,34.17117,49275418
696,49274982,-118.28733,34.15544,49274982
721,49274941,-118.2849,34.1499,49274938
726,49275388,-118.2844,34.15999,49275388
747,49275553,-118.27995,34.16989,49275553
759,49275247,-118.27791,34.15283,49275247
787,49276636,-118.27234,34.15398,49276636
788,49276687,-118.27112,34.15561,49276687
805,49276731,-118.26829,34.15558,49276731
806,49276575,-118.26825,34.14182,49276575
807,49276762,-118.26824,34.15542,297805712
808,49262633,-118.26818,34.13339,49262633
812,49276576,-118.2678,34.14197,49276576
863,49262808,-118.25783,34.13351,49262808
1238,48853668,-118.48248,34.11019,48853668
1258,48863932,-118.478,34.1006,48863932
1268,48862205,-118.47676,34.09625,48862205
1491,48865290,-118.44628,34.10601,48865290
1781,48870337,-118.40488,34.11006,48870337
2244,49243047,-118.3655,34.10185,49243047
2544,49246222,-118.33649,34.11299,49246222
2550,49246218,-118.33588,34.11123,49246218
2571,49247498,-118.33463,34.11149,49247498
2577,49247468,-118.33406,34.1099,49247468
2581,49247482,-118.33386,34.11001,49247482
3386,49262519,-118.27412,34.12486,49262519
3413,49262530,-118.27367,34.12737,49262530
3422,49262531,-118.27319,34.1267,49262531
3660,49262715,-118.25924,34.12833,49262715
1,826578731,-118.56617,34.04156,826578731
2,48847227,-118.53334,34.04697,48847227
3,48847255,-118.53182,34.05082,48847255
4,48847408,-118.52627,34.04559,48847408
5,48847630,-118.52453,34.04821,48847630
6,48846737,-118.52417,34.03371,48846737
7,48848839,-118.51565,34.04931,48848839
8,48848529,-118.5082,34.02726,48848529
9,48849005,-118.50681,34.03967,48849005
10,48848534,-118.50671,34.02637,48848534
11,48849118,-118.50625,34.05157,48849118
12,48849151,-118.50394,34.05042,48849151
13,48848612,-118.50293,34.02935,48848612
14,298098234,-118.50185,34.01895,298098234
15,48848626,-118.50067,34.03371,48848626
16,48848520,-118.5006,34.02264,48848520
17,298098242,-118.49992,34.0205,298098242
18,48849243,-118.49751,34.01839,813258162
19,48849256,-118.49682,34.0257,48849256
20,48849463,-118.49662,34.03655,48849463
21,48849467,-118.49658,34.03958,48849467
22,48849305,-118.49398,34.028,48849305
23,48849323,-118.49378,34.0357,48849323
24,48849272,-118.49333,34.02588,48849272
25,48847863,-118.49325,34.01477,838864491
26,48849498,-118.49325,34.04234,48849498
27,48849327,-118.49083,34.03315,48849327
28,48849496,-118.49041,34.04143,48849496
29,48849318,-118.49019,34.03107,48849318
30,48849275,-118.49013,34.02314,48849275
32,48849412,-118.48767,34.03047,48849412
33,48849340,-118.48701,34.02046,48849340
34,48852542,-118.48624,34.05943,48852542
36,48849800,-118.48562,34.05501,48849800
37,48849797,-118.48491,34.05318,48849797
38,48849415,-118.48445,34.02772,48849415
39,48849449,-118.48236,34.03478,48849449
40,48849374,-118.48195,34.01611,48849374
43,48853694,-118.48076,34.11144,48853694
49,48849453,-118.47913,34.03204,48849453
51,48856251,-118.47589,34.04092,48856251
55,48856266,-118.47464,34.0441,48856266
56,48856065,-118.47438,34.03062,48856065
64,48856274,-118.47214,34.0377,48856274
67,48856103,-118.47103,34.03339,48856103
73,48862156,-118.4692,34.08527,48862156
74,48861836,-118.46863,34.07369,838789359
75,48856204,-118.46773,34.03164,48856204
76,48862281,-118.46736,34.08039,48862281
77,48856109,-118.46721,34.01673,48856109
80,838789427,-118.46674,34.07193,838789427
82,48856485,-118.46573,34.04852,48856485
84,48856194,-118.46477,34.02809,48856194
85,48861698,-118.46357,34.06595,48861698
90,48856242,-118.46065,34.034,48856242
92,48856229,-118.45937,34.02667,48856229
95,48856599,-118.45622,34.02266,48856599
97,48857035,-118.45472,34.03884,48857035
100,48857093,-118.45364,34.04748,48857093
101,48862867,-118.45325,34.07056,48862867
104,48857061,-118.45094,34.04111,48857061
105,48857077,-118.45031,34.04366,48857077
106,48857197,-118.45007,34.04838,48857197
108,48865283,-118.44974,34.10684,48865283
109,48857082,-118.44936,34.04419,48857082
111,48857435,-118.44635,34.05609,48857435
112,48857336,-118.44534,34.03787,48857336
113,48862967,-118.44529,34.06369,48862967
117,48857010,-118.4428,34.03503,48857010
119,48857455,-118.44211,34.0512,48857455
123,48862990,-118.44042,34.06166,48862990
131,48862987,-118.43902,34.058,48862987
132,48863028,-118.43902,34.06349,48863028
134,48857405,-118.43814,34.04659,48857405
138,48859895,-118.4365,34.04311,48859895
140,48859899,-118.43596,34.04562,48859899
143,298950661,-118.43548,34.05262,298950661
146,48859892,-118.43408,34.04027,48859892
147,48866228,-118.43364,34.07574,48866228
150,48866049,-118.43309,34.0652,48866049
151,48859976,-118.43236,34.04775,48859976
157,48866104,-118.43017,34.0629,48866104
158,48859984,-118.42939,34.04741,48859984
162,48866077,-118.42803,34.0573,48866077
166,48866439,-118.4278,34.07107,48866439
172,48859759,-118.42458,34.0306,48859759
173,48860125,-118.42442,34.04788,48860125
182,48860103,-118.42233,34.04545,48860103
183,48859796,-118.42158,34.02681,48859796
186,48860102,-118.42046,34.04325,48860102
193,48866994,-118.41787,34.08069,48866994
194,48860250,-118.41773,34.05496,48860250
195,48860406,-118.41708,34.03526,48860406
201,48867518,-118.41558,34.076,48867518
203,48867933,-118.41513,34.09068,48867933
204,48867414,-118.41466,34.06159,811289645
205,295019444,-118.41457,34.06496,838864247
208,48860785,-118.41364,34.03732,48860785
212,48860440,-118.41063,34.02712,48860440
213,48860838,-118.4104,34.04115,48860842
218,48867572,-118.40879,34.07258,48867572
221,48868086,-118.40745,34.08902,48868086
226,48868242,-118.40534,34.08377,48868242
232,48867701,-118.4041,34.07599,48867701
237,48867644,-118.40129,34.06223,48867644
239,48861258,-118.40114,34.04948,48861258
243,48870465,-118.39916,34.1115,48870465
247,49238397,-118.397,34.06222,49238397
248,49233231,-118.39672,34.02951,49233231
254,49233644,-118.39559,34.04009,49233644
256,49233284,-118.3946,34.03475,49233284
258,49233290,-118.39431,34.03545,49233290
260,49233650,-118.3937,34.03694,49233650
265,49238457,-118.39223,34.07081,49238457
266,49238468,-118.39223,34.07354,49238468
268,49238425,-118.39181,34.06221,49238425
269,49233731,-118.39151,34.03884,49233731
270,49233865,-118.39104,34.05243,49233865
271,49238511,-118.39068,34.07529,49238511
272,49238519,-118.38873,34.07528,49238519
273,49238435,-118.38868,34.06222,49238435
276,49233881,-118.38748,34.05245,49233881
278,49238525,-118.38679,34.05709,49238525
279,49238590,-118.3867,34.06926,49238590
280,49238540,-118.38665,34.06501,49238540
281,49238537,-118.38662,34.06222,49238537
282,49234018,-118.38644,34.05245,49234018
284,49233888,-118.38573,34.03782,49233888
287,49238633,-118.38486,34.07528,49238633
291,49238701,-118.3828,34.07529,811084598
292,49233921,-118.38273,34.04416,49233921
293,49234017,-118.38194,34.05181,49234017
294,49234034,-118.38145,34.0481,49234034
298,49241157,-118.38044,34.09927,49241157
300,49238653,-118.37953,34.0693,49238653
301,49238581,-118.3794,34.06505,49238581
302,49238561,-118.37939,34.05713,49238561
303,49238566,-118.37931,34.06096,49238566
307,49234047,-118.37885,34.05121,49234047
311,49238584,-118.37725,34.06293,49238584
313,49239251,-118.37711,34.08022,49239252
315,49239990,-118.37527,34.08018,49239990
316,49239610,-118.37506,34.06237,49239610
317,49234686,-118.37451,34.05039,49234686
318,49234626,-118.3741,34.04213,49234626
319,49234693,-118.3728,34.05007,49234693
320,49234635,-118.37273,34.04645,49234635
322,49234736,-118.37125,34.05439,49234736
327,49240198,-118.36891,34.09542,49240198
328,49239689,-118.36848,34.06271,49239689
329,49239692,-118.36812,34.06479,49239692
330,49240063,-118.36805,34.08543,49240063
331,49240049,-118.36802,34.08153,49240049
332,49239793,-118.368,34.07428,49239793
333,49234309,-118.36766,34.03044,49234309
334,49242737,-118.36749,34.10059,49242737
335,49240208,-118.36746,34.09437,49240208
336,49239781,-118.36744,34.07056,49239781
337,49234746,-118.36714,34.056,49234746
340,49240285,-118.36591,34.089,49240286
341,49239828,-118.36496,34.06528,49239828
343,49240317,-118.36447,34.09441,49240317
344,49234860,-118.36389,34.05545,49234860
345,49239819,-118.36371,34.06117,49239819
348,49240322,-118.36301,34.09445,49240322
349,49240250,-118.3627,34.0872,49240250
350,49240224,-118.36267,34.07819,49240224
353,49243084,-118.36157,34.10221,337601182
356,49234550,-118.36056,34.02851,49234550
357,49240273,-118.36054,34.08719,49240273
358,49240257,-118.36039,34.07818,49240257
359,49240344,-118.36037,34.09444,49240344
362,49239849,-118.35936,34.06082,49239849
365,49234912,-118.35866,34.0537,49234912
368,49234888,-118.35744,34.05163,49234888
369,49240280,-118.3574,34.08536,49240280
371,49240268,-118.35738,34.08179,49240268
372,811126884,-118.35737,34.06487,811126884
380,809645171,-118.35631,34.07224,809645171
382,49244424,-118.35568,34.06074,49244424
383,49236956,-118.35542,34.02957,49236956
384,49244814,-118.35501,34.0917,49244814
385,49237457,-118.35486,34.05101,49237457
387,49244759,-118.35427,34.08022,49244759
388,49244838,-118.35393,34.0944,49244838
390,49237370,-118.35357,34.0393,49237370
391,49245687,-118.35289,34.10346,49245687
393,49236899,-118.35201,34.02464,49236899
395,49244849,-118.35175,34.09436,49244849
396,49237477,-118.35162,34.0509,49237477
397,49244480,-118.35147,34.06488,49244480
401,49237393,-118.35127,34.04362,49237393
402,49244767,-118.35112,34.08023,49244767
403,49244583,-118.35107,34.07102,49244583
404,49244577,-118.35104,34.06929,49244577
405,49237546,-118.35056,34.05356,49237546
406,49237031,-118.3499,34.02734,49237031
407,49237408,-118.34947,34.0387,49237408
408,49244791,-118.34868,34.08183,49244791
409,49244802,-118.34868,34.08528,49244802
410,49244787,-118.34867,34.07826,49244787
411,49244616,-118.34865,34.07357,49244616
413,49244501,-118.3478,34.06058,49244501
414,49237557,-118.34768,34.05476,49237557
415,49237414,-118.34744,34.03828,49237414
416,49244874,-118.34717,34.09435,49244874
418,49245714,-118.34677,34.10026,49245714
419,49237558,-118.34659,34.05454,49237558
420,49244500,-118.34649,34.05888,49244500
421,49245911,-118.34556,34.10269,49245911
425,49244897,-118.34521,34.08708,49244897
426,49244878,-118.34518,34.07828,49244878
427,49244642,-118.34515,34.06689,49244642
428,49244714,-118.34513,34.07357,49244714
432,49244626,-118.34422,34.05886,49244626
435,49245915,-118.34336,34.10033,49245915
437,49245948,-118.34331,34.10414,49245948
438,49244884,-118.34295,34.07828,49244884
439,49244652,-118.34293,34.06688,49244652
440,49244718,-118.34292,34.07358,49244718
441,49244964,-118.34284,34.09435,49244964
442,49244903,-118.3428,34.08709,49244903
443,49244888,-118.34278,34.08026,49244888
447,49244954,-118.34163,34.08889,49244954
448,49244958,-118.34163,34.09255,49244958
449,49244966,-118.34153,34.09433,49244966
450,49244635,-118.3413,34.06045,49244635
451,49237577,-118.34098,34.03695,49237577
452,840323038,-118.34076,34.06278,840323038
453,49244658,-118.34067,34.0588,49244658
458,49244995,-118.3405,34.09615,49244995
463,49237705,-118.33977,34.05125,49237705
464,49244934,-118.33969,34.08526,49244934
465,49237636,-118.33889,34.04225,49237636
467,49244670,-118.3381,34.05906,49244670
469,49245004,-118.3375,34.09616,49245004
471,49244941,-118.33741,34.08526,49244941
476,49245140,-118.3348,34.07106,49245140
477,49238190,-118.33472,34.05446,49238190
479,49245028,-118.33289,34.05893,49245028
483,49245053,-118.33156,34.06396,49245053
485,49245362,-118.33106,34.08159,49245362
486,49245439,-118.33104,34.09253,49245439
487,49245432,-118.33101,34.08891,49245432
488,49245378,-118.33096,34.08528,49245378
490,49245477,-118.32989,34.09435,49245477
491,49245488,-118.32949,34.09615,49245488
509,49245586,-118.32447,34.09438,49245586
511,49245591,-118.32375,34.09619,49245591
512,49247802,-118.32375,34.09981,49247802
521,49248004,-118.32241,34.10912,49248004
1210,48847919,-118.48793,34.00523,48847919
1226,48848024,-118.48421,34.00666,48848024
1242,48853945,-118.4811,34.11963,48853945
1251,48853948,-118.47972,34.1211,48853948
1253,48853949,-118.47932,34.12299,48853949
1271,48854932,-118.47632,34.00695,48854932
1345,48855162,-118.46862,34.01144,48855162
1400,48855220,-118.4618,34.01539,48855220
1463,48856623,-118.44878,34.02313,48856623
1490,48856813,-118.44632,34.02447,48856813
1514,48865921,-118.44209,34.13066,48865921
1541,48856899,-118.43865,34.02266,48856899
1562,48859360,-118.43411,34.02492,48859360
1627,48859679,-118.42513,34.01832,48859679
1644,48859718,-118.4222,34.01924,48859718
1662,48858212,-118.41809,34.01158,48858212
1663,48858213,-118.41796,34.01172,48858213
1732,48860313,-118.41162,34.02473,48860313
1789,48860534,-118.40397,34.02049,48860534
1793,48870990,-118.40343,34.12659,48870990
1842,48860590,-118.39888,34.0234,48860590
1910,297823386,-118.39416,34.02439,297823386
2115,49242890,-118.37415,34.11482,49242890
2125,49234114,-118.37236,34.0217,49234114
2331,49236878,-118.35561,34.02153,49236878
2487,297472476,-118.34161,34.12327,297472476
2497,49237321,-118.34054,34.03257,49237321
2498,49237221,-118.3405,34.02557,49237221
2513,49246909,-118.3387,34.11996,49246909
2534,49237351,-118.33762,34.03476,49237351
2535,49237352,-118.33759,34.03496,49237352
2538,49246257,-118.33731,34.11775,49246257
2539,49246235,-118.33727,34.11524,49246235
2549,49246245,-118.33602,34.11518,49246245
2597,49238098,-118.33107,34.03986,49238098
2631,49238153,-118.32841,34.0447,49238153
2635,49238233,-118.32791,34.05528,49238233
2636,49245102,-118.32765,34.06191,49245102
2638,49245182,-118.32733,34.06894,49245182
2640,49245197,-118.3272,34.07608,49245197
2645,49238211,-118.3267,34.04783,49238211
2651,49245415,-118.32661,34.0835,49245415
2709,49247891,-118.31938,34.10379,49247891
2713,49247908,-118.31872,34.10369,49247908
2725,49247882,-118.31799,34.09804,49247882
2726,49247887,-118.31799,34.10167,49247887
2727,49247940,-118.31798,34.10525,49247940
2761,49245640,-118.31575,34.09074,49245640
454,49237310,-118.34055,34.03111,49237310
455,49237306,-118.34052,34.0276,49237306
456,49237327,-118.34052,34.03349,49237327
457,49237214,-118.3405,34.02348,49237214
495,49238223,-118.32878,34.0537,49238223
497,49245387,-118.32838,34.07894,49245387
499,49238237,-118.32732,34.05639,49238237
504,49237932,-118.32599,34.03435,49237932
505,49245398,-118.32599,34.07894,49245398
506,49238012,-118.32479,34.02765,49238012
507,49245205,-118.32479,34.058,49245205
508,49237962,-118.32477,34.02293,49237962
513,49238241,-118.32366,34.03799,49238241
514,49238254,-118.32366,34.04178,49238254
519,49245225,-118.32289,34.06362,49245225
523,49238264,-118.3213,34.04543,49238264
525,49245527,-118.31964,34.07895,49245527
526,49245326,-118.3195,34.07317,49245326
529,832587444,-118.31878,34.08431,832564079
530,49245532,-118.31875,34.08167,49245532
532,49245257,-118.31853,34.06714,49245257
533,49245330,-118.31842,34.07303,49245330
534,49248149,-118.31803,34.1083,49248149
535,49245647,-118.31797,34.09579,49245647
537,49238382,-118.31761,34.05586,49238382
542,49245566,-118.31572,34.08713,49245566
544,49245245,-118.31547,34.05806,49245245
548,49256888,-118.31373,34.10722,49256896
551,49250555,-118.31332,34.03489,49250555
552,49255728,-118.31316,34.09277,333724487
553,49255421,-118.31284,34.06352,49255421
554,49255407,-118.3122,34.05804,49255407
555,49250871,-118.31218,34.05444,49250871
556,49250846,-118.31216,34.05081,49250846
558,49255471,-118.31162,34.07112,49255471
559,49255429,-118.3116,34.06715,49255429
560,49255489,-118.31138,34.07461,49255489
562,49255640,-118.31135,34.07828,49255640
563,49255645,-118.31122,34.0803,49255645
564,49255408,-118.31119,34.05803,49255408
566,49255766,-118.31036,34.09489,49255766
567,49255490,-118.31027,34.07304,49255490
568,49250874,-118.31015,34.05443,49250874
569,49250850,-118.31012,34.05082,49250850
570,49250548,-118.31006,34.03085,49250548
572,49250579,-118.30784,34.03087,49250579
574,49250900,-118.30779,34.05446,49250900
575,49255804,-118.30769,34.09193,49255789
576,49250892,-118.30743,34.05083,49250892
577,49255841,-118.307,34.09498,49255841
579,49255512,-118.30673,34.07372,49255512
581,49255687,-118.30608,34.07761,49255687
583,49255843,-118.3056,34.09505,49255843
584,49255503,-118.30552,34.07115,49255503
585,49255458,-118.30538,34.06719,49255458
586,49255442,-118.30534,34.0577,49255442
587,49255445,-118.30534,34.0597,49255445
588,49255457,-118.30532,34.06534,49255457
601,49251100,-118.30418,34.05086,49251100
602,49251114,-118.30416,34.05449,49251114
603,49251096,-118.30415,34.04905,49251096
604,49250965,-118.30413,34.04545,49250965
607,49250925,-118.30247,34.03816,49250925
608,49255988,-118.30247,34.09513,49255988
609,49250684,-118.30246,34.03546,49250684
610,49255851,-118.30233,34.07766,49255851
611,49255527,-118.30201,34.0577,49255527
612,49255974,-118.30186,34.08852,49255974
613,49255577,-118.30165,34.07118,49255577
614,49255546,-118.30158,34.06535,49255546
618,49255529,-118.2998,34.05773,49255529
619,49255901,-118.29944,34.07765,49255901
620,49255600,-118.2994,34.07118,49255600
621,49255564,-118.2992,34.06538,49255564
622,49250719,-118.2991,34.03545,49250719
623,49255947,-118.29907,34.08562,49255947
624,49255552,-118.29872,34.05976,49255552
625,49250992,-118.29836,34.03819,49250992
627,49255948,-118.29785,34.08581,49255948
630,49256015,-118.29741,34.09534,49256015
631,49251023,-118.29622,34.03815,49251023
632,49257308,-118.29614,34.09981,840131568
642,49250709,-118.29589,34.02957,49250709
648,94352052,-118.29584,34.04625,94352052
649,49251154,-118.29581,34.0491,49251154
650,49251173,-118.2958,34.05451,49251173
651,49251157,-118.29577,34.05091,49251157
652,49255625,-118.29542,34.07274,49255625
653,49255560,-118.29541,34.05976,49255560
654,49255608,-118.2954,34.06736,49255608
655,49255568,-118.29537,34.06361,49255568
656,49255925,-118.29531,34.08101,49255925
657,49256020,-118.29503,34.09542,49256020
659,49256388,-118.29443,34.0777,49256388
660,49256088,-118.29418,34.07449,49256088
661,49256076,-118.29414,34.06735,49256076
663,49256389,-118.29404,34.07903,49256389
665,49256089,-118.29293,34.07274,49256089
666,49256022,-118.2929,34.05774,49256022
667,49256402,-118.29288,34.08176,49256402
668,49256507,-118.29282,34.09344,49256507
669,49256495,-118.2928,34.08946,49256495
672,49256428,-118.29051,34.08176,49256428
673,49256437,-118.29051,34.08359,49256437
674,49256032,-118.29033,34.05974,49256032
675,49256105,-118.29032,34.07471,49256105
677,49257934,-118.29017,34.10615,49257934
679,49256047,-118.28992,34.06701,49256047
680,312619529,-118.2897,34.09563,312619529
682,49256516,-118.28925,34.0887,49256516
683,49256049,-118.28908,34.05774,49256049
684,49258110,-118.28903,34.10994,49258110
685,49251300,-118.289,34.03438,49251300
686,49257948,-118.28851,34.10178,49257948
687,49256064,-118.28843,34.0637,49256064
688,49258627,-118.28807,34.12128,49258627
689,49256454,-118.28802,34.08179,49256454
690,49256134,-118.28792,34.07492,49256134
691,49256542,-118.28784,34.09568,49256542
692,49258122,-118.28782,34.11289,49258122
693,49251779,-118.28776,34.05501,49251779
694,49251765,-118.28774,34.0508,49251765
695,49251672,-118.28764,34.03817,49251672
706,49256057,-118.28689,34.05775,49256057
707,49251314,-118.28652,34.0352,49251314
708,49251311,-118.28648,34.03357,49251311
709,49251293,-118.28646,34.03031,49251293
710,49257953,-118.28628,34.09999,49257953
711,49256121,-118.28571,34.06771,49256121
712,49256073,-118.28567,34.06371,49256073
713,49256123,-118.28563,34.07045,49256123
714,49257971,-118.28526,34.10686,49257971
715,49258130,-118.28526,34.10995,49258130
716,49258135,-118.28526,34.11114,49258135
717,49257968,-118.28523,34.10453,49257968
718,49257956,-118.28521,34.1018,49257956
719,49257954,-118.28516,34.09816,49257954
723,49256548,-118.28458,34.09348,49256548
724,49256525,-118.28451,34.08872,49256525
725,49256567,-118.28444,34.08069,49256567
727,49256194,-118.28399,34.06493,49256194
734,49251817,-118.28291,34.04128,49251817
736,49251484,-118.28221,34.02825,49251484
737,49251816,-118.28214,34.04035,49251816
738,49251504,-118.28211,34.03341,49251504
740,49256616,-118.28124,34.08716,49256616
741,49256297,-118.28123,34.07335,49256297
742,49256255,-118.28119,34.06934,49256255
743,49251526,-118.28115,34.03497,49251526
745,49256176,-118.28052,34.05812,49256176
746,49256584,-118.2801,34.07878,49256584
749,49256182,-118.27954,34.06165,49256182
750,49256317,-118.2794,34.07618,49256317
752,49251886,-118.27885,34.03844,49251886
753,49258347,-118.27873,34.10768,49258347
754,49256206,-118.27853,34.0612,49256206
757,49256320,-118.27831,34.06884,49256320
758,49256630,-118.27783,34.07781,49256630
762,49251579,-118.27676,34.0336,49251579
763,49256328,-118.27674,34.07133,49256328
766,49261820,-118.27611,34.10003,49261820
767,49256213,-118.27608,34.06008,49256213
768,49256378,-118.2758,34.07689,49256378
770,49258375,-118.27554,34.10435,49258375
771,49251994,-118.27504,34.04171,49251994
772,49256692,-118.27502,34.08311,49256692
773,49256824,-118.27497,34.09535,49256824
774,49256652,-118.27495,34.08046,49256652
776,49256790,-118.2743,34.09202,49256790
778,49258957,-118.27376,34.07597,49258957
779,49253769,-118.27354,34.04412,49253769
780,49253881,-118.27333,34.04691,49253881
782,49253795,-118.27261,34.04567,49253795
783,49258829,-118.27256,34.06076,49258829
789,49259405,-118.27099,34.08709,49259405
790,49261854,-118.27087,34.10159,49261854
792,49258971,-118.2707,34.0746,49258971
793,49253255,-118.27048,34.0356,49253255
803,49258976,-118.26927,34.074,49258976
810,49253855,-118.26805,34.04421,49253855
811,49258878,-118.26804,34.05965,49258878
815,49259035,-118.26741,34.07711,49259035
816,49253826,-118.26728,34.03706,49253826
817,49259647,-118.26709,34.0923,49259647
819,49259036,-118.26667,34.0768,49259036
820,49253826,-118.2666,34.03814,811076460
821,49259436,-118.26636,34.07955,49259436
822,809785473,-118.26608,34.0409,809785473
824,49258895,-118.26542,34.06184,49258895
828,49253371,-118.26483,34.03589,49253371
829,49259007,-118.26477,34.07065,49259007
830,49253846,-118.26437,34.04082,49253846
831,49258999,-118.26415,34.06732,49258999
832,49259247,-118.26401,34.07298,49259247
833,49254110,-118.26377,34.04759,49254110
834,49259758,-118.26364,34.0795,49259758
835,49254030,-118.26361,34.03738,49254030
836,49253503,-118.26302,34.03485,49253503
837,49259094,-118.26302,34.06437,49259094
838,49259255,-118.26299,34.07589,49259255
839,49253446,-118.26218,34.02862,49253446
841,49259119,-118.26176,34.06623,49259119
842,49262182,-118.26174,34.10127,49262182
843,49259762,-118.26151,34.07858,49259762
844,49254131,-118.26143,34.04985,49254131
851,49259908,-118.26079,34.08954,49259908
852,49254208,-118.26036,34.05668,49254208
853,49259070,-118.2594,34.05823,49259070
854,49253528,-118.25936,34.03575,49253528
856,49259821,-118.25865,34.07892,49259821
858,49254068,-118.25834,34.03693,49254068
859,49262297,-118.25818,34.10378,49262297
861,49253576,-118.25804,34.03355,49253576
862,49262262,-118.25804,34.10084,49262262
865,49259128,-118.2576,34.05718,49259128
866,49259169,-118.2575,34.06332,49259169
867,813599301,-118.2572,34.05115,813599301
868,49259963,-118.25719,34.08801,49259963
869,49259172,-118.25696,34.06419,49259172
871,49254096,-118.25642,34.0438,811058748
872,49259847,-118.25495,34.08062,49259847
873,49262811,-118.25485,34.12983,49262811
874,49254092,-118.2547,34.0403,811058802
875,49253591,-118.25437,34.03437,49253591
878,49254228,-118.25435,34.05152,49254230
879,49254101,-118.25429,34.04242,838616704
882,49259294,-118.25396,34.06766,49259294
883,49254963,-118.25388,34.04653,811043206
884,49254224,-118.25347,34.04881,811044192
885,49254903,-118.2528,34.04401,811042755
886,49263612,-118.25273,34.12867,49263612
892,49254502,-118.25125,34.02855,49254502
893,49260498,-118.25111,34.0771,49260498
894,49255033,-118.25106,34.05137,811046454
895,49254519,-118.25104,34.03048,49254519
896,49255032,-118.25067,34.05357,811046632
899,49254912,-118.25021,34.04681,811043945
900,49261155,-118.2496,34.08223,49261155
902,49254531,-118.24933,34.03291,49254531
903,49254425,-118.24855,34.02236,49254425
904,49254914,-118.24826,34.0453,811043921
905,49254542,-118.24798,34.02899,49254542
906,49254544,-118.24775,34.0312,49254544
909,49254557,-118.24677,34.03651,49254557
910,49260389,-118.24655,34.06491,49260389
911,49254922,-118.2464,34.03838,49254922
912,49263102,-118.24625,34.09994,49263102
915,49255075,-118.24596,34.05503,839126244
916,49260319,-118.24493,34.06004,295040327
917,49260319,-118.24493,34.06004,839279461
918,49254546,-118.24492,34.02747,49254546
919,49254549,-118.2449,34.02991,49254549
920,809770158,-118.2447,34.07255,809770158
921,49260403,-118.24405,34.06369,49260403
922,49254477,-118.24352,34.02577,49254477
924,49255187,-118.24337,34.05026,49255187
925,49260649,-118.24337,34.0626,49260649
927,49255187,-118.24302,34.05071,838203000
928,809773164,-118.24299,34.07842,811058828
929,49254779,-118.24268,34.0294,49254779
930,49254612,-118.24243,34.02331,49254612
931,49260812,-118.24135,34.06764,49260812
934,49260686,-118.24083,34.06319,49260686
936,49255196,-118.24078,34.04865,49255196
937,49254596,-118.24057,34.01821,49254596
938,49261754,-118.24047,34.09444,49261754
939,49264003,-118.24044,34.11862,49264003
940,49263450,-118.2404,34.11533,49263437
941,49263435,-118.24034,34.11518,49263435
942,49254809,-118.24031,34.03297,49254809
943,49254679,-118.24021,34.02574,49254679
945,706091027,-118.23901,34.05082,706091027
946,811043976,-118.23795,34.05648,811043976
947,49260960,-118.2373,34.07039,49260960
948,49254724,-118.23706,34.02494,49254724
949,49260997,-118.23658,34.07041,295028880
951,49261623,-118.2363,34.07906,49261623
952,806361706,-118.23601,34.05876,49260724
953,49255159,-118.236,34.04532,49255159
954,49260750,-118.2354,34.06432,806596333
955,49260944,-118.23481,34.07065,49260994
956,832191958,-118.23417,34.0606,49260735
957,49255282,-118.23393,34.04716,49255282
959,49290566,-118.23347,34.07129,311850446
960,49260804,-118.23346,34.0661,49260804
961,49261687,-118.23343,34.08394,49261687
962,49284135,-118.23325,34.02957,49284135
963,49290609,-118.23299,34.07569,49290609
965,49284767,-118.23282,34.03921,49284767
966,49284762,-118.23253,34.03659,49284762
967,49284971,-118.23233,34.05422,49284971
968,49284973,-118.23223,34.05508,49284973
969,49290492,-118.23131,34.06349,49290492
970,49290602,-118.23124,34.07364,49290602
971,49284895,-118.23108,34.0499,49284895
976,49284191,-118.23031,34.03637,49284191
980,49284983,-118.2298,34.05246,49284983
981,49291356,-118.22969,34.08824,49291356
982,49284859,-118.22794,34.04573,49284859
983,49284205,-118.22755,34.02957,49284205
985,49284197,-118.22684,34.0266,49284197
987,49284855,-118.22582,34.04309,49284855
988,297788383,-118.22567,34.07921,297788383
989,49284844,-118.22498,34.04112,49284844
990,49290747,-118.22437,34.07474,49290747
991,49290708,-118.22416,34.07088,49290708
998,49284419,-118.22157,34.02902,49284426
999,49290916,-118.22136,34.07689,49290916
1000,49290883,-118.22121,34.06969,49290883
1001,49294124,-118.22093,34.11058,49294124
1002,49285469,-118.22037,34.04942,49285469
1003,49285472,-118.22018,34.05143,49285472
1005,49285467,-118.2181,34.048,49285467
1006,49290911,-118.21798,34.07182,49290911
1007,49284627,-118.21764,34.0273,49284627
1008,49284748,-118.21611,34.03455,838371129
1009,49284748,-118.21597,34.03392,311863004
1010,49284374,-118.21592,34.01877,49284374
1011,49284745,-118.21558,34.03166,49284745
1012,49292701,-118.2152,34.08617,819992651
1016,49292660,-118.21278,34.08643,49291625
1019,49286306,-118.21255,34.0444,49286306
1020,49292077,-118.21183,34.07654,49292077
1022,49285796,-118.21126,34.02449,49285796
1025,49292604,-118.20986,34.09287,49292604
1027,49292080,-118.2091,34.07374,49292080
1029,49291988,-118.20874,34.06605,49291988
1030,49291954,-118.20872,34.06111,49291954
1032,49291986,-118.2082,34.065,49291986
1033,49285854,-118.20702,34.02257,49285854
1034,49286018,-118.20632,34.03232,49286018
1035,49286504,-118.20608,34.05604,49286504
1037,49286326,-118.20533,34.03774,49286326
1038,49285978,-118.20514,34.02698,49285978
1039,49285876,-118.2049,34.02557,49285876
1040,49298772,-118.20466,34.05457,258219395
1041,49298587,-118.20449,34.05449,298927179
1046,49286040,-118.20242,34.02052,49286040
1048,49286582,-118.20161,34.04409,49286582
1051,49286152,-118.20087,34.02935,49286152
1052,49286227,-118.20084,34.02915,19707060
1053,49286146,-118.20072,34.02819,838614251
1056,49286767,-118.19916,34.05518,19706978
1058,49286825,-118.19666,34.05564,49286825
1061,49286134,-118.19313,34.02434,49286134
1066,49288151,-118.18928,34.02392,49288151
1067,49288109,-118.18924,34.01697,800281092
1074,49288339,-118.18007,34.01657,49288339
1075,49288389,-118.18007,34.02223,49288389
1082,49288419,-118.17587,34.01892,49288419
1083,48889609,-118.17339,34.02138,289849066
1084,289853440,-118.17316,34.02133,289853440
1089,49287845,-118.16336,34.01222,49287845
1091,49288030,-118.16285,34.0122,295017068
1093,49288036,-118.16052,34.01135,49288036
1094,49287962,-118.15978,34.0083,49287962
1095,49287878,-118.15977,34.00032,49287878
2334,49236885,-118.35487,34.02552,49236885
2381,49237049,-118.35093,34.03251,49237049
2477,49237285,-118.34277,34.03474,49237285
2479,49237284,-118.34275,34.03455,49237284
2505,49237622,-118.33984,34.03983,49237622
2509,49237703,-118.33933,34.04847,49237703
2517,49244741,-118.33864,34.07619,49244741
2546,312622773,-118.33636,34.04706,312622773
2565,49237778,-118.3351,34.02143,49237778
2569,49245135,-118.33478,34.06892,49245135
2582,49238191,-118.33373,34.0569,49238191
2591,49245033,-118.33161,34.06196,49245033
2599,49245375,-118.33096,34.08346,49245375
2652,49245470,-118.32661,34.09074,49245470
2685,49247820,-118.32239,34.10165,49247820
2690,49247810,-118.32231,34.09801,49247810
2691,49245581,-118.32228,34.09075,49245581
2694,49247842,-118.32188,34.10423,49247842
2701,49247869,-118.32126,34.10524,49247869
2706,49247926,-118.31992,34.10415,49247926
2744,49238008,-118.31766,34.02553,49238008
2858,49250532,-118.30889,34.02555,49250532
2944,49250637,-118.30023,34.02551,49250637
3061,49251209,-118.29152,34.02551,49251209
3140,49251479,-118.28397,34.02741,49251479
3173,49258779,-118.28204,34.13537,49258779
3327,49251398,-118.27784,34.02196,49251398
3329,49275029,-118.2778,34.14089,49275029
3347,49258821,-118.27657,34.13841,49258821
3350,49251446,-118.27639,34.02379,49251446
3355,49251537,-118.27602,34.02816,49251537
3367,49251550,-118.27492,34.02764,49251550
3425,49253218,-118.273,34.03015,49253218
3495,49253231,-118.26963,34.03058,49253231
3512,49253203,-118.26865,34.02485,49253203
3605,49262776,-118.26248,34.13348,49262776
3650,49253409,-118.25974,34.02406,49253409
3686,49253417,-118.25748,34.01988,49253417
3779,49254379,-118.25314,34.02162,49254379
3908,49254409,-118.2466,34.01608,49254409
3962,49253119,-118.24291,34.01518,49253119
4014,49253128,-118.23964,34.01474,49253128
4143,49283432,-118.23029,34.00895,49283432
4262,49283532,-118.21991,34.01441,49283532
4406,49283864,-118.20499,34.00863,49283864
4504,49287317,-118.1753,34.00016,49287317
4506,49287357,-118.17472,34.00073,49287357
4507,49287351,-118.17433,33.99889,838164228
549,49187829,-118.31341,33.93823,49187829
557,49250497,-118.31191,34.02188,49250497
561,49249456,-118.31135,34.00005,49249456
565,49249516,-118.31104,34.0146,49249516
571,49186386,-118.30906,33.92307,49186386
573,49249542,-118.30782,34.01463,49249542
578,49249481,-118.30675,34.00006,49249481
589,49250627,-118.30473,34.02373,49250627
590,49250624,-118.30472,34.02189,49250624
591,49188000,-118.30469,33.93821,49188000
592,49249339,-118.30461,33.9814,49249339
593,49249344,-118.30461,33.98324,49249344
594,49249411,-118.30457,33.99238,49249411
595,49249413,-118.30457,33.99414,49249413
596,49249571,-118.30457,34.00278,49249571
597,49249619,-118.30456,34.00606,49249619
598,49249638,-118.30455,34.01209,49249638
599,49249622,-118.30454,34.00846,49249622
605,49250626,-118.30292,34.02189,49250626
606,49188233,-118.30249,33.95585,49188233
616,49249559,-118.30129,33.99687,49249559
617,49186504,-118.3004,33.91832,49186504
626,49249587,-118.29806,33.99686,49249587
628,49250641,-118.29772,34.01998,49250641
629,49250648,-118.29772,34.02187,49250648
633,49250656,-118.29593,34.02194,49250656
634,49188277,-118.29592,33.95594,49188277
635,49188278,-118.29592,33.95686,49188278
636,49188297,-118.29591,33.96363,49188297
637,49249617,-118.2959,34.00548,49249617
638,49249381,-118.29589,33.98141,49249381
639,49249663,-118.29589,34.00992,49249663
640,49249667,-118.29589,34.01211,49249667
641,49250701,-118.29589,34.02716,49250701
643,49249442,-118.29588,33.99229,49249442
644,49249444,-118.29588,33.99412,49249444
645,49249430,-118.29585,33.98586,49249430
646,49249433,-118.29585,33.98833,49249433
647,49249436,-118.29585,33.98967,49249436
662,49188370,-118.29411,33.93815,49188370
664,49250069,-118.29377,33.99958,49250069
670,49250149,-118.2925,34.0155,49250149
671,49187170,-118.29155,33.92506,49187170
678,49250159,-118.29011,34.01543,49250159
697,49251219,-118.28731,34.02105,49251219
698,809700847,-118.28725,34.01221,809700847
699,49250170,-118.28724,34.0101,49250170
700,49249818,-118.28715,33.99417,49249818
701,49250111,-118.28715,33.99962,49250111
702,49249816,-118.28714,33.99233,49249816
703,49188885,-118.28712,33.97268,49188885
704,49249733,-118.28711,33.97638,49249733
705,49188518,-118.28698,33.95281,49188518
720,49251292,-118.28496,34.02744,49251292
722,49251220,-118.28462,34.0165,49251220
728,49251363,-118.28316,34.02138,49251363
729,49187114,-118.28308,33.9199,49187305
730,49187088,-118.28307,33.92005,295011727
731,49187116,-118.28307,33.92026,295011927
732,49187125,-118.28307,33.92036,49187310
733,295039547,-118.28307,34.014,295039547
735,49187324,-118.28261,33.92433,838201574
739,49251329,-118.28135,34.01839,839277199
744,49188697,-118.28104,33.95277,49188697
748,49250414,-118.27994,34.01179,49250414
751,49250453,-118.2791,34.01309,49250453
755,49251387,-118.27848,34.01657,49251387
756,49250452,-118.27837,34.01191,49250452
760,49251427,-118.2773,34.02361,49251427
761,49251399,-118.27709,34.01868,49251399
764,49189513,-118.27652,33.93391,838202538
765,49188617,-118.27621,33.93478,49188617
769,49251456,-118.27562,34.024,49251456
775,49251411,-118.27462,34.01786,49251411
777,298955521,-118.27391,33.92372,298955521
781,49253169,-118.27286,34.02276,49253169
784,49253220,-118.27254,34.031,49253220
785,49252280,-118.27181,33.99926,49252280
786,49190644,-118.2717,33.95285,49190644
791,49253237,-118.27074,34.03108,49253229
794,49253159,-118.26993,34.01641,49253159
795,49252318,-118.26965,34.00474,49252318
796,49252312,-118.26963,34.00293,49252312
797,49252106,-118.26958,33.98061,49252106
798,49252110,-118.26958,33.98425,49252110
799,49190553,-118.26954,33.9348,49190553
800,49190646,-118.26953,33.95019,49190646
801,49190883,-118.26953,33.96282,49190883
802,49190861,-118.26951,33.95805,49190861
804,49253187,-118.26885,34.01808,49253187
809,49253307,-118.26814,34.02988,49253307
813,49253192,-118.26744,34.02034,49253192
814,49252320,-118.26743,33.99655,49252320
818,49252358,-118.26689,34.00816,49252389
823,49253206,-118.26598,34.02259,49253206
825,49252407,-118.26526,34.01281,49252407
826,49189465,-118.26524,33.92371,49189465
827,49253208,-118.26489,34.02432,49253208
840,49253401,-118.26184,34.02496,49253401
845,49252471,-118.26135,34.00823,49252471
846,49252475,-118.26098,34.0101,49252475
847,49252433,-118.26089,34.0048,49252433
848,49252427,-118.26088,34.00255,49252427
849,49252417,-118.26087,33.99659,49252417
850,49190784,-118.26084,33.95023,49190784
855,49252472,-118.25899,34.00751,49252472
857,49191015,-118.25863,33.95471,49191015
860,49253411,-118.25805,34.01655,49253411
864,49253429,-118.25781,34.02323,49253429
870,49190750,-118.25653,33.94327,49190750
876,49252513,-118.25436,34.00754,49252513
877,49189631,-118.25435,33.92415,838199945
880,49252994,-118.25424,34.015,49252540
881,49191030,-118.25407,33.95471,49191030
887,49252914,-118.25216,34.00298,49252914
888,49252613,-118.25213,33.98703,49252613
889,49252894,-118.25213,33.998,49252894
890,49191555,-118.25205,33.96562,49191555
891,49191559,-118.25202,33.96891,49191559
897,49254376,-118.25052,34.02021,49254376
898,49252902,-118.25026,33.99573,49252902
901,49254374,-118.24946,34.0174,49254374
907,49253022,-118.24767,34.01413,49253022
908,49191518,-118.24734,33.95821,49191518
913,49191209,-118.24624,33.94144,49191209
914,297481454,-118.24623,33.94566,297481454
923,49252936,-118.2434,33.9957,49252936
926,49253044,-118.24316,33.99938,49253044
932,49252722,-118.24122,33.98291,49252722
933,49252717,-118.2412,33.98119,49252717
935,49191432,-118.24078,33.95328,49191432
944,49190403,-118.23902,33.91984,49190403
950,49191454,-118.23632,33.95327,49191454
958,49190544,-118.23355,33.93047,49190543
964,49283429,-118.23291,34.00897,49283429
972,49283440,-118.23102,34.0148,49283440
973,49283225,-118.23033,33.98817,49283225
974,49283228,-118.23033,33.99015,49283228
975,49283186,-118.23032,33.98354,49283186
977,49283178,-118.2303,33.97951,49283178
978,49213361,-118.23026,33.9697,49213361
979,49283380,-118.23026,34.00052,49283380
984,49283392,-118.227,33.9963,49283392
986,49283199,-118.22657,33.98353,49283199
992,49211829,-118.22385,33.91799,49211829
993,49283204,-118.22385,33.98353,49283204
994,49283492,-118.22274,34.0054,49283492
995,49213464,-118.22245,33.96887,49213464
996,49283480,-118.2224,33.99637,49283480
997,49283466,-118.22179,34.01441,49283522
1004,49213217,-118.21997,33.94896,49213217
1013,49213242,-118.21441,33.94837,49213242
1014,49283503,-118.21319,34.00558,49283503
1015,49283373,-118.2129,33.99374,49283373
1017,49283636,-118.21274,33.98719,49283636
1018,49283568,-118.21258,33.98236,705992441
1021,49283829,-118.21176,34.01245,49283829
1023,49212665,-118.21052,33.92734,49212665
1024,49213767,-118.21004,33.96925,49213767
1026,298114956,-118.20942,33.91689,298114956
1028,49283800,-118.20883,34.00563,49283800
1031,49213734,-118.2086,33.96326,49213734
1036,49212743,-118.20549,33.92711,49212743
1042,49283623,-118.20413,33.9831,298110283
1043,49213555,-118.20344,33.94126,49213555
1044,49212617,-118.20281,33.92025,49212617
1045,49213593,-118.2028,33.94609,49213593
1047,49213675,-118.20191,33.95061,49213675
1049,49213820,-118.20097,33.95683,49213820
1050,49212803,-118.20093,33.92381,49212803
1054,49283755,-118.20033,33.99256,49283755
1055,49213836,-118.20015,33.96234,49213836
1057,49283690,-118.1975,33.98245,49283690
1059,49213658,-118.1938,33.9402,49213658
1060,49213693,-118.19317,33.94506,49213693
1062,49283773,-118.19255,33.98601,49283773
1063,49286944,-118.19211,33.98876,49286944
1064,298112772,-118.19201,33.91034,298112772
1065,831944933,-118.18962,33.96353,831944933
1068,49214648,-118.18753,33.91602,49214648
1069,49214721,-118.18559,33.92062,49214721
1070,19710002,-118.18487,33.91431,19710002
1071,295015895,-118.18186,33.91367,295015895
1072,49214962,-118.18094,33.93003,49214962
1073,49287094,-118.1807,33.9896,49287094
1076,311853101,-118.17933,33.91706,311853101
1077,311853100,-118.17907,33.91702,311853100
1078,49216336,-118.17894,33.96244,49216336
1079,49216375,-118.17823,33.96696,49216375
1080,49216093,-118.17819,33.94094,49216093
1081,49287067,-118.1763,33.9803,49287067
1085,49215623,-118.16903,33.92997,838371158
1086,49216666,-118.16522,33.94918,49216666
1087,49287636,-118.16485,33.98615,49287636
1088,298114402,-118.16376,33.9755,298114402
1090,298114410,-118.1631,33.96768,298114410
1092,298377794,-118.16117,33.99196,298377794
2697,49178651,-118.32161,33.92564,49178651
2702,49178653,-118.32116,33.92531,49178653
2720,49236837,-118.31825,34.01082,49236837
2722,49236774,-118.31822,34.0037,49236774
2723,49237971,-118.31819,34.01827,49237971
2729,49178722,-118.31778,33.93102,49178722
2730,49180117,-118.31776,33.95997,49180117
2733,49180219,-118.31773,33.9746,49180219
2736,49179767,-118.31772,33.94546,49179767
2737,49236388,-118.31771,33.98184,49236388
2744,49238008,-118.31766,34.02553,49238008
2746,49236455,-118.3176,33.98911,49236455
2779,49249286,-118.31386,33.99322,49249286
2848,49250577,-118.30896,34.03086,49250577
2943,49250687,-118.30024,34.03272,49250687
3053,49251253,-118.29155,34.0296,49251253
3139,49251499,-118.28398,34.0317,49251499
3223,49251494,-118.28087,34.03032,49251494
3368,49251560,-118.27492,34.02988,49251560
3373,222604982,-118.27482,34.03006,222604982
3376,49251586,-118.27463,34.0315,49251586
3378,49251595,-118.27447,34.03212,49251595
3382,49251573,-118.27436,34.03079,49251573
3515,49253318,-118.26838,34.03262,49253318
3574,49253316,-118.26466,34.03096,49253316
3689,49253531,-118.25745,34.02762,49253531
3770,49254384,-118.25362,34.02585,49254384
3824,49254394,-118.25056,34.02442,49254394
3946,49254422,-118.24403,34.02079,49254422
3964,49254590,-118.24283,34.0206,49254590
4020,49254602,-118.23954,34.01997,49254602
4149,49284032,-118.22994,34.02562,49284032
4259,49284336,-118.22005,34.01729,49284336
4395,49283891,-118.20762,34.01391,49283891
4510,49287383,-118.17352,34.00339,49287373
4512,49287390,-118.17334,34.00334,49287375
4547,49287735,-118.16775,34.00303,49287735
31,48847917,-118.48892,34.00451,48847917
35,48848019,-118.48585,34.00669,48848019
42,295020042,-118.481,33.99706,295020042
50,48854809,-118.47818,33.99908,48854809
57,48854884,-118.47361,34.00066,48854884
60,48854988,-118.4734,34.01092,48854988
66,48854907,-118.47133,34.00222,48854907
68,48854869,-118.47092,33.99796,48854869
69,48854978,-118.47043,34.00801,48854978
72,48854919,-118.46928,34.00339,48854919
78,48855137,-118.46705,34.00993,48855137
79,48854407,-118.46686,33.97902,48854407
83,48855009,-118.46477,33.99652,48855009
87,48854560,-118.4625,33.98418,48854560
88,48854756,-118.46171,33.99405,48854756
89,48856146,-118.46137,34.01998,48856146
91,48854570,-118.46004,33.98139,48854570
93,48855577,-118.45799,34.00371,48855577
96,48812382,-118.45558,33.96627,48812382
98,48855569,-118.45399,33.9986,48855569
99,48855586,-118.45391,34.00194,48855586
107,48855723,-118.44984,34.00913,48855723
114,48855776,-118.44481,34.00447,48855776
118,48855806,-118.44236,34.00127,48855806
120,48856887,-118.44159,34.02227,48856887
121,48856879,-118.44055,34.02087,48856879
122,48855800,-118.44052,33.99886,48855800
124,48855791,-118.4402,33.99696,48855791
125,48855459,-118.44011,33.97985,48855459
130,48855819,-118.43909,34.00288,48855819
133,48855479,-118.43826,33.98192,48855479
135,48857800,-118.43731,34.00047,48857800
136,48857566,-118.43716,33.99313,48857566
137,48857792,-118.43707,33.997,48857792
139,48859408,-118.43646,34.028,48859408
144,48857910,-118.43485,34.01364,48857910
148,48857906,-118.43354,34.01194,48857906
152,48859389,-118.43202,34.02224,48859389
155,48857928,-118.43059,34.00819,48857928
156,48857546,-118.43028,33.98372,48857546
161,48857879,-118.42817,34.00522,48857879
164,48812827,-118.42797,33.91708,834520839
168,48857728,-118.42576,33.99082,48857728
169,48857616,-118.42549,33.97663,48857616
170,233151260,-118.42504,33.96873,233151260
171,48814120,-118.42501,33.96141,48814120
174,233151244,-118.4236,33.9736,233151244
175,48858015,-118.42335,33.99917,48858015
184,48857768,-118.42108,33.99391,48857768
185,48858046,-118.42069,33.99678,48858046
187,48814183,-118.41978,33.96327,48814183
188,48859732,-118.41915,34.02374,48859732
189,48814245,-118.41881,33.96587,48814245
196,48815049,-118.41661,33.96838,222591372
198,48858360,-118.41607,33.99371,48858361
199,48813293,-118.41597,33.91787,48813293
200,48858247,-118.41576,33.98516,48858247
202,48860262,-118.41556,34.01947,48860262
207,48860270,-118.41389,34.02037,48860270
209,48858366,-118.41322,33.99141,48858366
210,48814532,-118.41217,33.95277,48814532
211,48858906,-118.41107,33.99923,48858906
215,48859080,-118.40946,34.0146,48859080
220,298952027,-118.4079,33.97974,298952027
223,48815139,-118.40732,33.97159,48815139
225,48859209,-118.40659,34.01064,48859209
228,48859210,-118.40483,34.00947,48859210
229,48815301,-118.40457,33.96605,48815301
230,48815166,-118.40441,33.95857,48815166
231,48815201,-118.40435,33.96197,48815201
233,48859120,-118.40347,33.99902,48859120
234,48858660,-118.40217,33.98693,48858660
236,48859274,-118.40161,34.00988,48859274
238,48859139,-118.40115,34.00254,48859184
244,48859297,-118.39912,34.01298,48859297
245,48858797,-118.39854,33.98915,48858797
246,48814931,-118.39848,33.9489,48814931
250,48814936,-118.39634,33.94737,49175630
251,297786011,-118.39632,33.9204,834532307
252,49175469,-118.39625,33.94083,49175469
253,49231915,-118.396,34.00555,49231915
255,49233131,-118.39541,34.01838,49233131
257,49232040,-118.39443,34.00655,49232040
259,311859464,-118.39375,33.99115,311859464
261,49176063,-118.39337,33.96674,49176063
263,49233156,-118.39289,34.02169,49233156
264,49231924,-118.3924,34.00303,49231924
267,49175732,-118.39207,33.94558,808765682
275,49174079,-118.38753,33.93223,49174083
277,49232251,-118.38723,34.01588,838706867
283,49176296,-118.38624,33.96787,49176296
295,49231861,-118.38124,33.99061,49231861
297,49231829,-118.38101,33.98786,49231829
299,49175869,-118.3804,33.94943,49175899
308,49176242,-118.3788,33.95835,49176242
309,49176278,-118.37878,33.9635,49176278
310,49174154,-118.37843,33.91998,49174152
323,19710864,-118.37056,33.91286,19710864
324,19710865,-118.37033,33.91175,49174475
326,49174818,-118.36996,33.92362,49174818
346,295028731,-118.36357,33.9919,49232733
347,111213334,-118.36305,33.9884,111213334
351,49232715,-118.36227,33.98666,49232715
352,49232584,-118.36178,33.97844,49232584
354,49175208,-118.3613,33.91917,838199686
355,49177334,-118.3613,33.97456,49177334
361,49232670,-118.35967,33.98412,49232674
373,49232694,-118.3573,33.98361,49232694
375,49176789,-118.357,33.9418,49176789
376,49176862,-118.357,33.94908,49176862
377,49234460,-118.3569,34.01831,49234460
381,49232967,-118.35622,34.00551,49232967
386,49235048,-118.35445,33.98714,49235048
389,49236865,-118.35365,34.01829,49236865
392,49177667,-118.35268,33.92002,49177667
394,49235071,-118.3518,33.98707,49235071
412,49178803,-118.3483,33.9418,49178803
423,49237174,-118.34522,34.02376,49237174
424,49237161,-118.34521,34.02027,49237161
431,49235229,-118.34434,33.97955,49235229
434,49177928,-118.34387,33.91948,49177927
445,811106712,-118.34232,33.95272,811106712
446,49235239,-118.34178,33.97603,49235239
460,49235393,-118.33992,33.9908,49235393
461,49235380,-118.3399,33.98804,49235380
462,49178931,-118.33981,33.94181,49178931
466,337755567,-118.33837,34.00783,337755567
468,49235384,-118.33782,33.98536,49235384
470,49177971,-118.33741,33.92369,49177971
474,49236040,-118.3357,34.0044,49236040
475,49236273,-118.33554,33.99082,49236273
478,49236252,-118.33376,33.98538,49236252
480,49236215,-118.33232,33.98288,49236215
481,49236562,-118.33222,34.00205,49236562
482,49236291,-118.3318,33.99312,837533024
492,49236239,-118.32938,33.98292,49236239
493,49236597,-118.32938,34,49236597
496,49178493,-118.32857,33.92633,49178493
498,49236733,-118.32811,34.01405,49236733
501,297522898,-118.32652,33.91969,297522898
502,49236235,-118.3265,33.97974,49236236
503,49236243,-118.32649,33.98179,49236243
515,49236432,-118.32363,33.99499,49236432
516,49236747,-118.3236,34.00184,49236747
517,49236751,-118.32358,34.00442,49236751
518,49236411,-118.32353,33.98724,49236411
520,49178584,-118.32241,33.92371,49178584
522,49180147,-118.32214,33.96817,49180147
524,49179757,-118.32102,33.95273,49179757
527,49236845,-118.31931,34.01457,49236845
528,49236766,-118.31925,34.00003,49236766
531,49236444,-118.31867,33.98548,49236444
536,49178703,-118.3178,33.92855,49178703
538,49236768,-118.31713,34.00002,49236768
539,49236852,-118.31709,34.01462,49236852
540,49236450,-118.3167,33.98549,49236450
543,49179799,-118.31558,33.95272,49179799
546,49249282,-118.31386,33.99242,49249282
547,49249288,-118.31385,33.99504,49249288
550,49188165,-118.31339,33.96819,49188165
1201,48847847,-118.49033,34.0075,48847847
1213,48848018,-118.48728,34.00964,48848018
1233,48848112,-118.48295,34.01231,48848112
1289,48855955,-118.47423,34.01694,48855955
1370,48856114,-118.46656,34.02104,48856114
1446,48856686,-118.45221,34.02718,48856686
1462,48856725,-118.44899,34.02788,48856725
1510,48856925,-118.44321,34.02844,48856925
1578,48859394,-118.43142,34.02625,48859394
1611,48859613,-118.42866,34.02736,48859613
1619,48859692,-118.42799,34.02438,48859692
1623,48859691,-118.4267,34.0224,48859691
1702,48860345,-118.41382,34.02757,48860345
1753,48860458,-118.40853,34.0264,48860458
1792,48860627,-118.40361,34.02909,48860627
1922,49233250,-118.39256,34.02706,49233250
1940,49233205,-118.39022,34.02598,49233205
2128,49234205,-118.37208,34.02653,49234205
2333,49236884,-118.3551,34.02492,49236884
2563,49237787,-118.33511,34.02558,49237787
2672,49237964,-118.32478,34.02559,49237964
2742,49238078,-118.31768,34.03264,49238078
2812,295010716,-118.30967,33.9254,295010716
2826,311844162,-118.30914,33.93102,311844162
2841,49187962,-118.30903,33.94545,49187962
2843,49188150,-118.30901,33.95997,49188150
2845,49188222,-118.30898,33.97457,49188222
2847,49249248,-118.30896,33.98189,49249248
2849,49249301,-118.30895,33.98915,49249301
2851,49249314,-118.30894,33.99325,49249314
2853,49249485,-118.30893,34.00372,49249485
2854,49249526,-118.30893,34.01085,49249526
2855,49250506,-118.30892,34.01826,49250506
2858,49250532,-118.30889,34.02555,49250532
2973,49186623,-118.29672,33.92848,49186623